Codigo da conta;Nome da conta;Name of account;Natureza da conta;Norma contabil
1;Ativo;Assets;;
1.1;Ativo Circulante;Current assets;;
1.1.01;Disponível;Cash;Representa o dinheiro e equivalentes de caixa disponíveis na empresa. Pode incluir moeda física e depósitos em contas bancárias.;
1.1.01.01;Bens Numerários;Cash;;
1.1.01.01.00001;Caixa fundo fixo;Petty cash;;
1.1.01.02;Bancos Conta Movimento;Bank accounts;Conta bancária usada para transações diárias da empresa, como recebimentos e pagamentos.;
1.1.01.02.00001;Itau - Conta Corrente;Itaú bank account;;
1.1.01.02.00002;Bradesco - Conta Corrente;Bradesco bank account;;
1.1.01.02.00003;Caixa - Conta Corrente;Caixa bank account;;
1.1.01.02.00004;Banco do Brasil - Conta Corrente;Banco do Brasil bank account;;
1.1.01.02.00005;Safra - Conta Corrente;Safra bank account;;
1.1.01.02.00006;BS2 - Conta Corrente;BS2 bank account;;
1.1.01.02.00007;Sicoob - Conta Corrente;Sicoob bank account;;
1.1.01.03;Aplicações Financeiras;Financial investments;Investimentos de curto prazo em títulos financeiros, como CDBs, RDBs, fundos de investimento, etc.;
1.1.01.03.00001;Itaú - Conta de Investimento;Itaú investment account;;
1.1.01.03.00002;Bradesco - Conta de Investimento;Bradesco investment account;;
1.1.01.03.00003;Caixa - Conta de Investimento;Caixa investment account;;
1.1.01.03.00004;Safra - Conta de Investimento;Safra investment account;;
1.1.01.04;Meio de Pagamento;Payment method;Refere-se a instrumentos de recebimento, como cartões de débito ou crédito, que a empresa pode usar para efetuar transações.;
1.1.01.04.00001;Iugu - Conta Corrente;lugu bank account;;
1.1.01.04.00002;Iugu - Pagamento Boleto;lugu payment by boleto;;
1.1.01.04.00003;Iugu - Pagamento Cartão de Crédito;lugu payment by credit card;;
1.1.01.04.00004;Itau - Pagamento - Crédito de Clientes;Itaú payment - customer credit;;
1.1.01.04.00005;Bradesco - Pagamento - Crédito de Clientes;Bradesco payment - customer credit;;
1.1.01.05;Titulos e Valores Mobiliários;Securities;Investimentos em ações, títulos de renda fixa e outros instrumentos financeiros negociáveis.;
1.1.01.05.00001;Investimento em ações e participações;Investment in stocks and participations;;
1.1.01.05.00002;Fundos de investimentos em participações;Investment funds in participations;;
1.1.02;Créditos;Credits;;
1.1.02.01;Clientes;Customers;Valor que a empresa tem a receber de seus clientes por utilização da plataforma.;
1.1.02.01.00001;Clientes nacionais;Domestic customers;;
1.1.02.01.00002;Clientes estrangeiros;Foreign customers;;
1.1.02.01.00005;Outros clientes a receber;Other receivables;;
1.1.02.01.00004;Serviços a prestar;Services to be rendered;;
1.1.02.01.00003;( - ) Perdas estimadas em crédito de liquidação duvidosa;(-) Estimated losses on doubtful accounts;;
1.1.02.01.00009;( - ) Ajuste a valor presente;(-) Present value adjustment;;
1.1.02.03;Meio de Pagamentos a receber;Payment methods receivable;Valor de pagamentos a receber, como boletos e cartões de crédito;
1.1.02.03.00001;Iugu - Boleto - Títulos a receber;lugu - boleto - receivables;;
1.1.02.03.00002;Iugu - Cartão de Crédito - Títulos a receber;lugu - credit card - receivables;;
1.1.02.03.00003;( - ) Perdas estimadas em cartão de crédito;(-) Estimated losses on credit cards;;
1.1.02.02;Adiantamento a fornecedores;Advances to suppliers;Pagamentos antecipados feitos aos fornecedores, geralmente como garantia de futuras entregas ou serviços.;
1.1.02.02.00001;Adiantamento a fornecedores nacionais;Advances to domestic suppliers;;
1.1.02.02.00002;Adiantamento a fornecedores internacionais;Advances to foreign suppliers;;
1.1.02.03;Adiantamentos a Funcionários e Terceiros;Advances to employees and third parties;Valores adiantados a funcionários ou terceiros, como adiantamento de ferias, 13 salario e empréstimos.;
1.1.02.03.00001;Adiantamento a funcionários;Advances to employees;;
1.1.02.03.00002;Empréstimos a funcionários;Loans to employees;;
1.1.02.03.00003;Adiantamento de férias;Advance on vacation pay;;
1.1.02.03.00004;Adiantamento de 13 salario;Advance on 13th salary;;
1.1.02.04;Impostos e Contribuições a Recuperar;Taxes and contributions to be recovered;Valor de impostos e contribuições pagos pela empresa e que podem ser recuperados em períodos futuros.;
1.1.02.04.00001;ICMS a recuperar;ICMS to be recovered;;
1.1.02.04.00002;IRRF a recuperar;IRPF to be recovered;;
1.1.02.04.00003;CSLL a recuperar;CSLL to be recovered;;
1.1.02.04.00004;PIS a recuperar;PIS to be recovered;;
1.1.02.04.00005;INSS a recuperar;INSS to be recovered;;
1.1.02.04.00006;COFINS a recuperar;COFINS to be recovered;;
1.1.02.04.00007;Outros tributos a recuperar;Other taxes to be recovered;;
1.1.03;Estoque;Inventories;Refere-se aos produtos ou materiais mantidos pela empresa para venda ou uso na produção.;
1.1.03.03;Estoques;Inventories;;
1.1.04;Títulos e valores mobiliários;Securities;Investimentos em títulos negociáveis, como ações e títulos de renda fixa, que não são mantidos para negociação ativa.;
1.1.04.01;Aplicações financeiras;Financial investments;;
1.1.04.02;Investimento em renda variável;Variable income investment;;
1.1.04.03;Fundos de investimentos em participações;Investment funds in participations;;
1.1.05;Despesas pagas antecipadamente;Prepaid expenses;;
1.1.05.01;Despesas antecipadas;Deferred expenses;;
1.1.05.01.00001;Prêmios de seguros a apropriar;Unearned Insurance Premiums;;
1.1.05.01.00002;Encargos financeiros a apropriar;Accrued Financial Charges;;
1.1.05.01.00003;Assinaturas e anuidades a apropriar;Unearned Subscriptions and Annuities;;
1.1.10;Ativos não circulantes mantidos para venda;Non-Current Assets Held for Sale;;
1.1.10.01;Ativos Disponíveis para Venda;Available-for-Sale Assets;;
1.1.10.01.00001;Custo dos ativos disponíveis para venda;Cost of Available-for-Sale Assets;;
1.1.10.01.00002;Depreciação acumulada de ativos disponíveis para venda;Accumulated Depreciation of Available-for-Sale Assets;;
1.1.10.01.00003;(-) Red. ao valor rec. de ativo não circ. mant para venda;(-) Reduction to the Recoverable Value of Non-Current Assets Held for Sale;;
1.1.99;Outros Ajustes e Retificações do Ativo Circulante;Other Adjustments and Corrections of Current Assets;;
1.2;Ativo Não Circulante;Non-Current Assets;;
1.2.01;Realizável a Longo Prazo;Long-Term Receivables;;
1.2.01.01;Ativos Realizáveis a Longo Prazo;Long-Term Realizable Assets;;
1.2.01.01.00001;Títulos a receber de longo prazo;Long-Term Receivables;;
1.2.01.01.00099;( - ) Ajuste a valor presente de longo prazo;(-) Adjustment to Present Value of Long-Term;;
1.2.01.02;Tributos Diferidos a Longo Prazo;Long-Term Deferred Taxes;;
1.2.01.02.00001;IRPJ Diferido;Deferred Income Tax (IRPJ);;
1.2.01.02.00002;CSLL Diferida;Deferred Social Contribution on Net Profit (CSLL);;
1.2.01.03;Títulos e valores mobiliários;Securities and Marketable Securities;;
1.2.01.03.00001;Aplicações financeiras;Financial Investments;;
1.2.01.03.00002;Investimento em renda variável;Equity Investments;;
1.2.01.03.00002;Fundos de investimentos em participações;Investment Funds in Equity Interests;;
1.2.02.01;Investimentos;Investments;;
1.2.02.01.00001;Investimento avaliados por equivalência patrimonial;Equity-Method Investments;;
1.2.02.01.00002;Investimento avaliados pelo custo;Cost-Method Investments;;
1.2.02.01.00099;(-) Redução ao valor recuperável de investimentos;(-) Impairment of Investments;;
1.2.02.02;Propriedades para investimento;Investment Properties;;
1.2.02.02.00001;Propriedades para investimento;Investment Properties;;
1.2.02.02.00099;(-) Red. ao valor rec de prop. para investimentos;(-) Reduction to the Recoverable Value of Investment Properties;;
1.2.03;Imobilizado;Fixed Assets;;
1.2.03.01;Ativos imobilizado;Fixed Assets;;
1.2.03.01.00001;Eletroeletrônicos;Electronics;;
1.2.03.01.00002;Máquinas, equipamentos e ferramentas;Machinery, Equipment, and Tools;;
1.2.03.01.00003;Móveis e utensílios;Furniture and Utensils;;
1.2.03.01.00004;Computadores e periféricos;Computers and Peripherals;;
1.2.03.01.00005;Equipamentos de Comunicação;Communication Equipment;;
1.2.03.01.00006;Veículos;Vehicles;;
1.2.03.01.00007;Benfeitorias em propriedades de terceiros;Improvements on Third-Party Properties;;
1.2.03.01.00008;Construção em andamento;Construction in Progress;;
1.2.03.01.00009;Importação de bens do imobilizado em andamento;Imported Assets Under Construction;;
1.2.03.01.00010;Adiantamento a fornecedores de imobilizado;Advance Payments to Fixed Assets Suppliers;;
1.2.03.02;Depreciação e amortização acumulada;Accumulated Depreciation and Amortization;;
1.2.03.02.00001;Depreciação acumulada - Eletroeletrônicos;Accumulated Depreciation - Electronics;;
1.2.03.02.00002;Depreciação acumulada - Máquinas, equipamentos e ferramentas;Accumulated Depreciation - Machinery, Equipment, and Tools;;
1.2.03.02.00003;Depreciação acumulada - Móveis e utensílios;Accumulated Depreciation - Furniture and Utensils;;
1.2.03.02.00004;Depreciação acumulada - Computadores e periféricos;Accumulated Depreciation - Computers and Peripherals;;
1.2.03.02.00005;Depreciação acumulada - Equipamentos de comunicação;Accumulated Depreciation - Communication Equipment;;
1.2.03.02.00006;Depreciação acumulada - Veículos;Accumulated Depreciation - Vehicles;;
1.2.03.02.00007;Amortização acumulada - Benf. em propriedades de terceiros;Accumulated Amortization - Improvements on Third-Party Properties;;
1.2.03.02.00099;(-) Perdas estimadas por redução ao valore recuperável;(-) Estimated Impairment Loss;;
1.2.03.03;Ativos de direito de uso;Right-of-Use Assets;;
1.2.03.03.00001;Veículos arrendados;Leased Vehicles;;
1.2.03.03.00002;Máquinas e equipamentos arrendados;Leased Machinery and Equipment;;
1.2.03.03.00003;Edificios arrendados;Leased Buildings;;
1.2.03.04;Amortização de ativos de direito de uso;Amortization of Right-of-Use Assets;;
1.2.03.04.00001;Amortização acumulada - Veículos arrendados;Accumulated Amortization - Leased Vehicles;;
1.2.03.04.00002;Amortização acumulada - Máquinas e equipamentos arrendados;Accumulated Amortization - Leased Machinery and Equipment;;
1.2.03.04.00003;Amortização acumulada - Edificios arrendados;Accumulated Amortization - Leased Buildings;;
1.2.03.04.00099;(-) Redução ao valor recuperável de ativo de direito de uso;(-) Right-of-Use Asset Impairment;;
1.2.04;Intangível;Intangible Assets;;
1.2.04.01;Ativos intangíveis;Intangible Assets;;
1.2.04.01.00001;Marcas, Patentes e Domínios;Trademarks, Patents, and Domains;;
1.2.04.01.00002;Software Desenvolvido Internamente;Internally Developed Software;;
1.2.04.01.00003;Concessões;Concessions;;
1.2.04.01.00004;Ágio (goodwill);Goodwill;;
1.2.04.01.00005;Direitos autorais;Copyrights;;
1.2.04.01.00006;Software Desenvolvido por Terceiros;Third-Party Developed Software;;
1.2.04.02;Amortização acumulada;Accumulated Amortization;;
1.2.04.02.00001;Amortização de Marcas e Patentes;Amortization of Trademarks and Patents;;
1.2.04.02.00002;Amortização de Software Desenvolvido Internamente;Amortization of Internally Developed Software;;
1.2.04.02.00003;Amortização de Concessões;Amortization of Concessions;;
1.2.04.02.00005;Amortização de Direitos autorais;Amortization of Copyrights;;
1.2.04.02.00006;Amortização de Software Terceiros;Amortization of Third-Party Developed Software;;
1.2.04.03.00099;(-) Redução ao valor recuperável de ativo intangível;(-) Impairment of Intangible Assets;;
2,00E+14;Passivo;Liabilities;;
2.1;Obrigações de Curto Prazo;Short-Term Obligations;;
2.1.01;Obrigações a Pagar;Accounts Payable;;
2.1.01.01;Fornecedores;Suppliers;;
2.1.01.01.00001;Fornecedores nacionais;Domestic Suppliers;;
2.1.01.01.00002;Fornecedores estrangeiros;Foreign Suppliers;;
2.1.01.02;Outras obrigações a pagar;Other Accounts Payable;;
2.1.01.02.00001;Obrigações de Pessoal a Pagar;Employee Obligations Payable;;
2.1.01.02.00002;Obrigações de Tributos a Pagar;Tax Obligations Payable;;
2.1.01.02.00003;Obrigações de Emprestimos e Financiamentos Pagar;Loan and Financing Obligations Payable;;
2.1.01.02.00004;Outras obrigações a pagar;;;
2.1.01.03;Cartão de crédito a pagar;Credit Card Payable;;
2.1.01.03.00003;Cartão - Itau;Itau Card Payable;;
2.1.01.03.00004;Cartão - Bradesco;Bradesco Card Payable;;
2.1.01.03.00005;Cartão - Bradesco ELO;Bradesco ELO Card Payable;;
2.1.01.03.00006;Cartão - Bradesco VISA;Bradesco VISA Card Payable;;
2.1.01.03.00007;Cartão - Outros;Other Cards Payable;;
2.1.02;Obrigações Sociais e Trabalhistas;Social and Labor Obligations;;
2.1.02.01;Salários e Encargos Sociais;Salaries and Social Charges;;
2.1.02.01.00001;Salários a pagar;Salaries Payable;;
2.1.02.01.00002;13º a pagar;Year-End Bonuses Payable;;
2.1.02.01.00003;Férias a pagar;Vacation Payable;;
2.1.02.01.00004;INSS a pagar;INSS (Social Security) Payable;;
2.1.02.01.00005;FGTS a pagar;FGTS (Employee Fund) Payable;;
2.1.02.01.00006;IRRF a pagar;Income Tax Payable;;
2.1.02.01.00007;Prolabore a pagar;Management Fees Payable;;
2.1.02.01.00099;Outros encargos e contribuções a pagar;Other Charges and Contributions Payable;;
2.1.02.02;Provisões de Folha de Pagamento e Encargos Sociais;Payroll and Social Charges Provisions;;
2.1.02.02.00001;Provisão de Férias;Vacation Provisions;;
2.1.02.02.00002;Provisão de INSS S/Férias;INSS Provisions for Vacations;;
2.1.02.02.00003;Provisão de FGTS S/ Férias;FGTS Provisions for Vacations;;
2.1.02.02.00004;Provisão de 13º Salario;Year-End Bonuses Provisions;;
2.1.02.02.00005;Provisão de INSS S/13º Salario;INSS Provisions for Year-End Bonuses;;
2.1.02.02.00006;Provisão de FGTS S/13º Salario;FGTS Provisions for Year-End Bonuses;;
2.1.02.02.00007;Provisão para bonus;Bonus Provisions;;
2.1.02.02.00008;Provisão para PLR;Profit Sharing Provisions;;
2.1.02.02.00099;Outras provisões;Other Provisions;;
2.1.03;Obrigações Fiscais;Tax Obligations;;
2.1.03.01;Tributos Indiretos;Indirect Taxes;;
2.1.03.01.00001;ICMS a pagar;ICMS (State Sales Tax) Payable;;
2.1.03.01.00002;IPI a pagar;IPI (Excise Tax) Payable;;
2.1.03.01.00003;ISS a pagar;ISS (Municipal Services Tax) Payable;;
2.1.03.01.00004;PIS a pagar;PIS (Social Integration Program) Payable;;
2.1.03.01.00005;Cofins a pagar;Cofins (Federal Contribution) Payable;;
2.1.03.01.00006;Simples Nacional a pagar;Simples Nacional (Simplified Tax Regime) Payable;;
2.1.03.01.00007;Outros tributos indiretos a pagar;Other Indirect Taxes Payable;;
2.1.03.01.00099;( - ) Ajuste a valor presente do curto prazo;(-) Short-Term Present Value Adjustment;;
2.1.03.02;Tributos Diretos;Direct Taxes;;
2.1.03.02.00001;IRPJ a pagar;IRPJ (Corporate Income Tax) Payable;;
2.1.03.02.00002;CSLL a pagar;CSLL (Social Contribution on Net Profit) Payable;;
2.1.03.02.00003;Outros tributos diretos a pagar;Other Direct Taxes Payable;;
2.1.03.02.00099;( - ) Ajuste a valor presente do curto prazo;(-) Short-Term Direct Taxes Present Value Adjustment;;
2.1.03.03;Tributos Retidos;Withheld Taxes;;
2.1.03.03.00001;IRRF Retido;Withheld Income Tax;;
2.1.03.03.00002;PIS Retido;Withheld PIS;;
2.1.03.03.00003;Cofins Retido;Withheld Cofins;;
2.1.03.03.00004;CSRF Retido;Withheld CSRF (Contribuição Social sobre o Lucro Líquido);;
2.1.03.03.00005;INSS Retido;Withheld INSS (Social Security);;
2.1.03.03.00006;ISS Retido;Withheld ISS (Municipal Services Tax);;
2.1.03.03.00099;Outros tributos diferidos;Other Deferred Taxes;;
2.1.03.04;Tributos Parcelados;Installment Taxes;;
2.1.03.04.00001;Parcelamento de Tributos a pagar;Installment Tax Payments;;
2.1.03.05;Tributos Diferidos;Deferred Taxes;;
2.1.03.05.00001;IRPJ Diferido a longo a prazo;Deferred Long-Term IRPJ (Corporate Income Tax);;
2.1.03.05.00002;CSLL Diferida a longo prazo;Deferred Long-Term CSLL (Social Contribution on Net Profit);;
2.1.03.05.00099;Outros tributos diferidos;Other Deferred Taxes;;
2.1.04;Empréstimos e Financiamentos;Loans and Financing;;
2.1.04.01;Empréstimos;Loans;;
2.1.04.01.00001;Empréstimos - Capital de Giro - Caixa;Working Capital Loans - Caixa;;
2.1.04.01.00002;Empréstimos - Capital de Giro - Bradesco;Working Capital Loans - Bradesco;;
2.1.04.01.00099;Juros a apropriar;Accrued Interest;;
2.1.04.02;Financiamentos;Financings;;
2.1.04.02.00001;Financiamentos bancários de curto prazo;Short-Term Bank Financing;;
2.1.04.02.00002;Duplicatas descontadas;Discounted Receivables;;
2.1.04.02.00099;Juros a apropriar;Accrued Interest;;
2.1.04.03;Títulos de dívida emitidos;Issued Debt Securities;;
2.1.04.03.00001;Títulos de dívida não conversíveis;Non-Convertible Debt Securities;;
2.1.04.03.00001;Títulos de dívida conversíveis;Convertible Debt Securities;;
2.1.04.02.00099;Juros a apropriar;Accrued Interest;;
2.1.04.04;Passivo de Arrendamento;Lease Liabilities;;
2.1.04.04.00001;Passivo de arrendamento - Curto prazo;Short-Term Lease Liabilities;;
2.1.04.04.00099;Juros sobre passivo de arrendamento;Lease Interest;;
2.1.05;Adiantamentos;Advances;;
2.1.05.01;Adiantamento de clientes;Advances from Customers;;
2.1.05.01.00001;Adiantamento de clientes nacionais;Domestic Advances from Customers;;
2.1.05.01.00002;Adiantamento de clientes internacionais;International Advances from Customers;;
2.1.05.02;Serviços a prestar;Services to be Rendered;;
2.1.05.02.00001;Serviços a prestar clientes nacionais;Services to be Rendered - Domestic Customers;;
2.1.05.02.00002;Serviços a prestar clientes internacionais;Services to be Rendered - International Customers;;
2.1.06;Provisões de Contingências;Contingency Provisions;;
2.1.06.01;Provisões para contingências;Contingency Provisions;;
2.1.06.01;Provisões para contingência trabalhista;Labor Contingency Provisions;;
2.1.06.02;Provisões para contingência fiscal;Tax Contingency Provisions;;
2.1.06.03;Provisões para contingência civil;Civil Contingency Provisions;;
2.1.06.04;Outras provisões para contingências;Other Contingency Provisions;;
2.1.07;Passivos circulantes mantidos para venda;Liabilities Held for Sale;;
2.1.07.01;Passivo relacionado a ativos mantidos para venda;Liabilities Related to Assets Held for Sale;;
2.1.07.01.00001;Passivo relacionado a ativos mantidos para venda;Liabilities Related to Assets Held for Sale;;
2.1.10;Transações entre partes relacionadas;Related Party Transactions;;
2.1.10.01;Empréstimos entre empresas do grupo;Intra-Group Loans;;
2.1.10.01.00001;Empréstimos (mutuo) entre empresas do grupo;Intra-Group Loans (Mutual Loans);;
2.1.10.01.00002;Empréstimos com acionistas;Loans from Shareholders;;
2.1.10.01.00003;Dividendos a pagar;Dividends Payable;;
2.1.99;Outras Obrigações;Other Liabilities;;
2.1.99.01;Outras Obrigações Diversas;Other Miscellaneous Liabilities;;
2.1.99.01.00001;Outras Obrigações de curto prazo;Other Short-Term Obligations;;
2.2;Passivo Não Circulante;Non-Current Liabilities;;
2.2.01;Obrigações de Longo Prazo;Long-Term Obligations;;
2.2.01.01;Fornecedores de longo prazo;Long-Term Suppliers;;
2.2.01.01.00001;Fornecedores nacionais longo prazo;Long-Term Domestic Suppliers;;
2.2.01.01.00002;Fornecedores estrangeiros longo prazo;Long-Term Foreign Suppliers;;
2.2.02;Empréstimos e Financiamentos;Loans and Financing;;
2.2.02.01;Financiamentos;Financing;;
2.2.02.01.00001;Financiamentos bancários de longo prazo;Long-Term Bank Financing;;
2.2.02.01.00002;Duplicatas descontadas - Longo prazo;Long-Term Discounted Receivables;;
2.2.02.01.00099;Juros a apropriar;Accrued Interest;;
2.2.02.02;Títulos de dívida emitidos;Issued Debt Securities;;
2.2.02.02.00001;Títulos de dívida não conversíveis - Longo prazo;Non-Convertible Long-Term Debt Securities;;
2.2.02.02.00002;Títulos de dívida conversíveis - Longo prazo;Convertible Long-Term Debt Securities;;
2.2.02.02.00099;Juros a apropriar;Accrued Interest;;
2.2.02.03;Passivo de Arrendamento;Lease Liabilities;;
2.2.02.03.00001;Passivo de arrendamento - Longo prazo;Long-Term Lease Liabilities;;
2.2.02.03.00002;Juros sobre passivo de arrendamento;Lease Interest;;
2.2.03;Obrigações Fiscais de Logo Prazo;Long-Term Tax Obligations;;
2.2.03.01;Tributos Parcelados de Longo Prazo;Long-Term Installment Taxes;;
2.2.03.01.00001;Parcelamento de Tributos a pagar;Installment Tax Payments;;
2.2.03.02;Tributos Diferidos de Longo Prazo;Long-Term Deferred Taxes;;
2.2.03.02.00001;IRPJ Diferido a longo a prazo;Long-Term Deferred IRPJ (Corporate Income Tax);;
2.2.03.02.00002;CSLL Diferida a longo prazo;Long-Term Deferred CSLL (Social Contribution on Net Profit);;
2.2.04;Adiantamentos de Longo Prazo;Long-Term Advances;;
2.2.04.01;Adiantamento de clientes de longo prazo;Long-Term Advances from Customers;;
2.2.04.01.00001;Adiantamento de clientes nacionais;Long-Term Domestic Advances from Customers;;
2.2.04.01.00002;Adiantamento de clientes internacionais;Long-Term International Advances from Customers;;
2.2.04.02;Serviços a realizar de longo prazo;Long-Term Services to be Rendered;;
2.2.04.02.00001;Serviços a prestar clientes nacionais;Long-Term Services to be Rendered - Domestic Customers;;
2.2.04.02.00002;Serviços a prestar clientes internacionais;Long-Term Services to be Rendered - International Customers;;
2.2.05;Provisões de contingências de longo prazo;Long-Term Contingency Provisions;;
2.2.05.01;Provisões para contingência trabalhista;Long-Term Labor Contingency Provisions;;
2.2.05.02;Provisões para contingência fiscal;Long-Term Tax Contingency Provisions;;
2.2.05.03;Provisões para contingência civil;Long-Term Civil Contingency Provisions;;
2.2.05.04;Outras provisões para contingências;Other Long-Term Contingency Provisions;;
2.2.06;Transações entre partes relacionadas;Related Party Transactions;;
2.2.06.01;Transações entre partes relacionadas longo prazo;Long-Term Related Party Transactions;;
2.2.06.01.00001;Empréstimos entre empresas do grupo longo prazo;Long-Term Intra-Group Loans;;
2.2.06.01.00002;Empréstimos (mutuo) entre empresas do grupo longo prazo;Long-Term Intra-Group Loans (Mutual Loans);;
2.2.06.01.00003;Empréstimos com acionistas longo prazo;Long-Term Loans from Shareholders;;
2.2.06.01.00004;Dividendos a pagar longo prazo;Long-Term Dividends Payable;;
2.3;Patrimônio Líquido;Equity;;
2.3.01;Patrimônio Líquido dos Sócios;Shareholders' Equity;;
2.3.01.01;Capital Social;Share Capital;;
2.3.01.01.00001;Capital Social integralizado;Paid-in Capital;;
2.3.01.01.00002;(-) Capital social a integralizar;Capital to Be Paid;;
2.3.01.02;Reserva de Capital;Capital Reserve;;
2.3.01.02.00001;Constituição da reserva de capital;Creation of Capital Reserve;;
2.3.01.02.00002;Adiantamento para futuro ao aumento de capital;Advance for Future Capital Increase;;
2.3.01.03;Opções Outorgadas;Granted Options;;
2.3.01.03.00001;Opções Outorgadas Reconhecidas;Recognized Granted Options;;
2.3.01.04;Reserva de Lucros;Retained Earnings;;
2.3.01.04.00001;Reserva Legal;Legal Reserve;;
2.3.01.04.00002;Reserva Estatutária;Statutory Reserve;;
2.3.01.04.00003;Reserva para Contingências;Contingency Reserve;;
2.3.01.04.00004;Reserva de lucros a realizar;Unrealized Profit Reserve;;
2.3.01.04.00005;Reserva de lucros para expansão;Expansion Profit Reserve;;
2.3.01.04.00006;Reserva especial para dividendos obrig. não distribuídos;Special Reserve for Undistributed Mandatory Dividends;;
2.3.01.04.00007;Reserva de Incentivos Fiscais;Tax Incentives Reserve;;
2.3.01.05;( - ) Ações em Tesouraria;Treasury Stock;;
2.3.01.05.00001;Ações em tesouraria;Treasury Shares;;
2.3.01.06;Ajuste de Avaliação Patrimonial;Equity Adjustment;;
2.3.01.06.00001;Ajuste de Avaliação Patrimonial;Accumulated Conversion Adjustments;;
2.3.01.07;Ajustes Acumulado de Conversão;Accumulated Conversion Adjustment;;
2.3.01.07.00001;Ajuste Acumulado de Conversão;Accumulated Conversion Adjustment;;
3,00E+14;Receita;Revenue;;
3.1;Receitas;Revenues;;
3.1.01;Receita de Serviços;Service Revenue;;
3.1.01.01;Receita Bruta de Serviços;Gross Service Revenue;;
3.1.01.01.00001;Receita com prestação de serviços recorrentes;Revenue from Recurring Service;;
3.1.01.01.00002;Receita com prestação de serviços não recorrentes;Revenue from Non-Recurring Service;;
3.1.01.01.00003;Outras receitas de serviços prestados;Other Revenues from Services;;
3.1.01.02;Deduções da Receita Bruta de Serviços;Deductions from Gross Service Revenue;;
3.1.01.02.00001;Vendas Canceladas;Cancelled Sales;;
3.1.01.02.00002;Descontos incondicionais;Unconditional Discounts;;
3.1.01.03;Tributos Sobre a Operação de Serviços;Taxes on Service Operations;;
3.1.01.03.00001;ISS;ISS (Service Tax);;
3.1.01.03.00002;ISS (CPOM);ISS (CPOM - Municipal Service Tax);;
3.1.01.03.00003;PIS;PIS (Social Integration Program Tax);;
3.1.01.03.00004;COFINS;COFINS (Contribution for Social Security Financing);;
3.1.01.03.00005;Simples Nacional;Simples Nacional (Simplified Tax Regime);;
3.1.02;Receita de Produtos;Product Revenue;;
3.1.02.01;Receita Bruta de Produtos;Gross Product Revenue;;
3.1.02.02;Deduções da Receita Bruta de Produtos;Deductions from Gross Product Revenue;;
3.1.02.03;Tributos Sobre a Operação de Vendas de Produtos;Taxes on Sales of Products;;
3.1.03;Receita de Revenda de Mercadorias;Revenue from Resale of Goods;;
3.1.03.01;Receita Bruta de Revenda de Mercadorias;Gross Revenue from Resale of Goods;;
3.1.03.02;Deduções da Receita Bruta de Revenda de Mercadorias;Deductions from Gross Revenue from Resale of Goods;;
3.1.03.03;Tributos Sobre a Operação de Revenda de Mercadorias;Taxes on Resale of Goods Operations;;
4,00E+14;Custo;Cost;;
4.1;Custo;Cost;;
4.1.01;Custos de Serviços Prestados;Costs of Services Provided;;
4.1.01.01;Custos com Pessoal;Personnel Costs;;
4.1.01.01.00001;Custos com Salários e ordenados;Salaries and Wages Costs;;
4.1.01.01.00002;Custos com Pró-Labore;Pro-Labor Costs;;
4.1.01.01.00003;Custos com Autônomos e Estagiários;Freelancers and Interns Costs;;
4.1.01.01.00004;Custos com Serviços Profissionais de Terceiros;Costs of Third-Party Professional Services;;
4.1.01.01.00005;Custos com Bônus, Prêmios e Gratificações;Bonuses, Awards, and Incentives Costs;;
4.1.01.01.00006;Custos com Participação nos Lucros;Profit-Sharing Costs;;
4.1.01.01.00007;Custos com INSS;Social Security Costs;;
4.1.01.01.00008;Custos com FGTS;Severance Pay Fund Costs;;
4.1.01.01.00009;Custos com Férias;Vacation Costs;;
4.1.01.01.00010;Custos com INSS s/ Férias;Social Security Costs on Vacations;;
4.1.01.01.00011;Custos com FGTS s/ Férias;Severance Pay Fund Costs on Vacations;;
4.1.01.01.00012;Custos com 13º salário;13th Salary Costs;;
4.1.01.01.00013;Custos com INSS s/ 13º salário;Social Security Costs on 13th Salary;;
4.1.01.01.00014;Custos com FGTS s/13º salário;Severance Pay Fund Costs on 13th Salary;;
4.1.01.01.00015;Custos com Indenizações;Indemnity Costs;;
4.1.01.01.00016;Custos com Assistência médica e farmácia;Medical and Pharmacy Assistance Costs;;
4.1.01.01.00017;Custos com Vale Transporte e Locomoção;Transportation and Commuting Costs;;
4.1.01.01.00018;Custos com Refeição;Meal Costs;;
4.1.01.01.00019;Custos com Alimentação;Food Costs;;
4.1.01.01.00020;Custos com Treinamentos e Eventos;Training and Event Costs;;
4.1.01.01.00021;Custos com Seguro de vida;Life Insurance Costs;;
4.1.01.01.00022;Custos com Previdência privada;Private Pension Costs;;
4.1.01.01.00023;Custos com Recrutamento e Seleção;Recruitment and Selection Costs;;
4.1.01.01.00024;Custos com Outros beneficios;Other Benefits Costs;;
4.1.01.02;Custos com Utilidades;Utility Costs;;
4.1.01.02.00001;Custos com Aluguéis;Rent Costs;;
4.1.01.02.00002;Custos com Condomínios;Condominium Costs;;
4.1.01.02.00003;Custos com Energia elétrica;Electricity Costs;;
4.1.01.02.00004;Custos com Telecomunicações e Serviços de Comunicação;Telecommunications and Communication Costs;;
4.1.01.02.00005;Custos com Água;Water Costs;;
4.1.01.02.00006;Custos com Facilities;Facilities Costs;;
4.1.01.02.00007;Custos com Manutenção e reparos;Maintenance and Repairs Costs;;
4.1.01.02.00008;Custos com Material de escritório e perifericos;Office Supplies and Peripherals Costs;;
4.1.01.02.00009;Custos com Alimentação, Refeições e Copa;Food, Meals, and Pantry Costs;;
4.1.01.02.00010;Custos com Locação de equipamentos e móveis;Equipment and Furniture Rental Costs;;
4.1.01.02.00099;Custos com Outros custos com utilidades;Other Utility Costs;;
4.1.01.03;Custos de softwares e plataforma;Software and Platform Costs;;
4.1.01.03.00001;Custos com softwares;Software Costs;;
4.1.01.03.00002;Custos com infraestrutura e plataformas;Infrastructure and Platform Costs;;
4.1.01.03.00099;Outros custos com infraestrutura;Other Infrastructure Costs;;
4.1.01.04;Custos com serviços externos;External Services Costs;;
4.1.01.04.00001;Custos com serviços de terceiros;Third-Party Services Costs;;
4.1.01.04.00002;Custos com consultorias;Consulting Costs;;
4.1.01.04.00003;Custos com Viagens, Estadias e Locomoção;Travel, Accommodation, and Commuting Costs;;
4.1.01.04.00099;Outros custos com serviços externos;Other Costs for External Services;;
4.1.01.05;Depreciações e amortizações;Depreciation and Amortization Costs;;
4.1.01.05.00001;Custos com Depreciações;Depreciation Costs;;
4.1.01.05.00002;Custos com Amortizações;Amortization Costs;;
4.1.01.04;Custos com Outros Tributos e Contribuições;Other Taxes and Contributions Costs;;
4.1.02;Custos de produtos vendidos;Cost of Goods Sold;;
4.1.03;Custos de mercadorias para revenda;Cost of Merchandise for Resale;;
5,00E+14;Despesa;Expense;;
5.1;Despesa:Despesas Operacionais;Expense: Operating Expenses;;
5.1.01;Despesas de Pessoal;Personnel Expenses;;
5.1.01.02;Salarios;Salaries;;
5.1.01.02.00001;Despesas com Salários e ordenados;Salaries and Wages Expenses;;
5.1.01.02.00002;Despesas com Pró-Labore;Pro-Labor Expenses;;
5.1.01.02.00003;Despesas com Autônomos e Estagiários;Freelancers and Interns Expenses;;
5.1.01.02.00004;Despesas com Serviços Profissionais de Terceiros;Expenses for Professional Services from Third Parties;;
5.1.01.02.00005;Despesas com Bônus, Prêmios e Gratificações;Bonuses, Awards, and Bonuses Expenses;;
5.1.01.02.00006;Despesas com Participação nos Lucros;Expenses with Profit Sharing;;
5.1.01.02.00007;Despesas com INSS;Social Security Expenses;;
5.1.01.02.00008;Despesas com FGTS;Severance Pay Fund Expenses;;
5.1.01.02.00009;Despesas com Férias;Vacation Expenses;;
5.1.01.02.00010;Despesas com INSS s/ Férias;Social Security Expenses on Vacation;;
5.1.01.02.00011;Despesas com FGTS s/ Férias;Severance Pay Fund Expenses on Vacation;;
5.1.01.02.00012;Despesas com 13º salário;13th Salary Expenses;;
5.1.01.02.00013;Despesas com INSS s/ 13º Salário;Social Security Expenses on 13th Salary;;
5.1.01.02.00014;Despesas com FGTS s/ 13º Salário;Severance Pay Fund Expenses on 13th Salary;;
5.1.01.02.00015;Despesas com Indenizações;Indemnity Expenses;;
5.1.01.02.00016;Despesas com Assistência médica e farmácia;Medical and Pharmacy Assistance Expenses;;
5.1.01.02.00017;Despesas com Vale Transporte e Locomoção;Transportation and Commuting Expenses;;
5.1.01.02.00018;Despesas com Refeição;Meal Expenses;;
5.1.01.02.00019;Despesas com Alimentação;Food Expenses;;
5.1.01.02.00020;Despesas com Treinamentos e Eventos;Training and Event Expenses;;
5.1.01.02.00021;Despesas com Seguro de vida;Life Insurance Expenses;;
5.1.01.02.00022;Despesas com Previdência privada;Private Pension Expenses;;
5.1.01.02.00023;Despesas com Recrutamento e Seleção;Recruitment and Selection Expenses;;
5.1.01.02.00024;Despesas com Outros beneficios;Other Benefits Expenses;;
5.1.02;Despesas de Vendas;Sales Expenses;;
5.1.02.01;Comissões de Vendas;Sales Commissions;;
5.1.02.01.00001;Comissão de vendas internas;Internal Sales Commission;;
5.1.02.01.00002;Comissão de vendas terceiros;Third-Party Sales Commission;;
5.1.02.02;Propaganda e Publicidade;Advertising and Publicity Expenses;;
5.1.02.02.00001;Ferramentas e plataformas de marketing;Marketing Tools and Platforms Expenses;;
5.1.02.02.00002;Propaganda, Conteúdo e Branding;Advertising, Content, and Branding Expenses;;
5.1.02.02.00003;Publicidade e comunicação online;Online Advertising and Communication Expenses;;
5.1.02.02.00004;Eventos e Feiras;Events and Fairs Expenses;;
5.1.03;Despesas Administrativas;Administrative Expenses;;
5.1.03.01;Despesas Administrativas/Gerais;General Administrative Expenses;;
5.1.03.01.00001;Despesas com Aluguéis;Rent Expenses;;
5.1.03.01.00002;Despesas com Condomínios;Condominium Expenses;;
5.1.03.01.00003;Despesas com Energia elétrica;Electricity Expenses;;
5.1.03.01.00004;Despesas com Água;Water Expenses;;
5.1.03.01.00005;Despesas com Facilities;Facilities Expenses;;
5.1.03.01.00006;Despesas com Manutenção e reparos;Maintenance and Repairs Expenses;;
5.1.03.01.00007;Despesas com Material de escritório e perifericos;Office Supplies and Peripherals Expenses;;
5.1.03.01.00008;Despesas com Alimentação, Refeições e Copa;Food, Meals, and Pantry Expenses;;
5.1.03.01.00009;Despesas com Locação de equipamentos e móveis;Equipment and Furniture Rental Expenses;;
5.1.03.01.00010;Despesas com outras utilidades;Other Utility Expenses;;
5.1.03.01.00011;Despesas com Perdas realizadas com recebíveis;Losses Incurred with Receivables Expenses;;
5.1.03.01.00012;Despesas com Doações e Outras Despesas Indedutíveis;Donations and Other Non-Deductible Expenses;;
5.1.03.01.00013;Despesas com ( - ) Reversões de Despesas Diversas;( - ) Reversals of Various Expenses;;
5.1.03.01.00014;Despesas gerais;General Expenses;;
5.1.03.01.00015;Despesas com Viagens, Estadias e Locomoção;Travel, Accommodation, and Commuting Expenses;;
5.1.03.02;Despesas com Utilidades;Utility Expenses;;
5.1.03.02.00001;Despesas de Telecomunicações e Serviços de Comunicação;Telecommunications and Communication Expenses;;
5.1.03.02.00002;Despesas de Softwares, Plataformas e Infraestrutura;Software, Platforms, and Infrastructure Expenses;;
5.1.03.03;Despesas com serviços externos;External Services Expenses;;
5.1.03.03.00001;Despesas com Contabilidade e Auditoria;Accounting and Audit Expenses;;
5.1.03.03.00002;Despesas com Advogados;Legal Fees Expenses;;
5.1.03.03.00003;Despesas com Seguros;Insurance Expenses;;
5.1.03.03.00004;Despesas com Serviços;Services Expenses;;
5.1.03.03.00005;Despesas com Consultorias;Consulting Expenses;;
5.1.03.04;Provisão e contingências;Provision and Contingencies;;
5.1.03.04.00001;Provisão de Perdas estimadas com devedores de liquidação duvidosa;Provision for Estimated Losses from Doubtful Debt;;
5.1.03.04.00002;Reversão da prov. de perdas est. com dev. de liq. duvidosa;Reversal of Provision for Estimated Losses from Doubtful Debt;;
5.1.03.04.00003;Provisão para contingências fiscais;Provision for Tax Contingencies;;
5.1.03.04.00004;Reversão da Provisão para contingências fiscais;Reversal of Provision for Tax Contingencies;;
5.1.03.05;Depreciações e amortizações;Depreciation and Amortization Expenses;;
5.1.03.05.00001;Depreciações;Depreciation Expenses;;
5.1.03.05.00002;Amortizações;Amortization Expenses;;
5.1.03.06;Despesas com Outros Tributos e Contribuições;Other Taxes and Contributions Expenses;;
5.1.03.06.00001;Pis sobre outras receitas;Pis on Other Revenues Expenses;;
5.1.03.06.00002;Cofins sobre outras receitas;Cofins on Other Revenues Expenses;;
5.1.03.06.00003;IPVA;Property Tax (IPVA) Expenses;;
5.1.03.06.00004;IPTU;Urban Property Tax (IPTU) Expenses;;
5.1.03.06.00005;Contribuição sindical;Union Dues Expenses;;
5.1.03.06.00006;Outros tributos e taxas;Other Taxes and Fees Expenses;;
5.1.03.06;Outras Despesas;Other Expenses;;
5.2;Resultado Financeiro Líquido;Net Financial Result;;
5.2.01;Resultados Financeiro Líquido;Net Financial Results;;
5.2.01.01;Despesas Financeiras;Financial Expenses;;
5.2.01.01.00001;Juros pagos ou incorridos;Interest Paid or Incurred;;
5.2.01.01.00002;Despesas bancárias;Banking Expenses;;
5.2.01.01.00003;Despesas com Tarifa de Cobrança;Collection Fee Expenses;;
5.2.01.01.00004;Despesas com Taxas de Cartão de Crédito;Credit Card Fee Expenses;;
5.2.01.01.00005;Descontos Financeiros - Cobrança;Financial Discounts - Collection;;
5.2.01.01.00006;Despesas com IOF;IOF (Tax on Financial Transactions) Expenses;;
5.2.01.01.00007;Despesas com IRRF Tributação Exclusiva;Exclusive Tax Withholding (IRRF) Expenses;;
5.2.01.01.00008;Despesas com Juros sobre empréstimos e financiamentos;Interest Expenses on Loans and Financing;;
5.2.01.01.00009;Despesas com Juros sobre títulos conversíveis;Interest Expenses on Convertible Securities;;
5.2.01.01.00010;Provisão com perdas em aplicações financeiras;Provision for Losses on Financial Investments;;
5.2.01.01.00011;Despesas com perdas em aplicações financeiras;Losses on Financial Investments Expenses;;
5.2.01.01.00012;Outras Despesas Financeiras;Other Financial Expenses;;
5.2.01.02;Receitas Financeiras;Financial Revenues;;
5.2.01.02.00001;Descontos obtidos;Discounts Obtained;;
5.2.01.02.00002;Juros e Multa de Mora de Cobrança;Interest and Late Payment Penalties on Collections;;
5.2.01.02.00003;Rendimentos de aplicações financeiras;Earnings from Financial Investments;;
5.2.01.02.00004;Provisão com ganhos em aplicações financeiras;Provision for Gains on Financial Investments;;
5.2.01.02.00005;Outras receitas financeiras;Other Financial Revenues;;
5.2.01.03;Variação Cambial;Exchange Rate Variation;;
5.2.01.03.00001;Variações cambiais ativas;Active Exchange Rate Variations;;
5.2.01.03.00002;Provisões de variações cambiais ativas;Provisions for Active Exchange Rate Variations;;
5.2.01.03.00003;Variações cambiais passivas;Passive Exchange Rate Variations;;
5.2.01.03.00004;Provisões de variações cambiais passivas;Provisions for Passive Exchange Rate Variations;;
5.3;Outras receitas e despesas;Other Revenues and Expenses;;
5.3.01;Outras receitas e despesas;Other Revenues and Expenses;;
5.3.01.01;Lucros e Prejuízos em Participações Societárias;Profits and Losses in Equity Investments;;
5.3.01.02;Ganhos e Perdas de Capital nos Investimentos;Capital Gains and Losses on Investments;;
5.3.01.03;Ganhos e Perdas na Alienação de Ativos Não Circulantes;Gains and Losses on Disposal of Non-Current Assets;;
5.3.01.04;Resultado de Operações Descontinuadas;Discontinued Operations Result;;
5.4;Imposto de renda e contribuição social sobre o lucro;Income Tax and Social Contribution on Profit;;
5.4.01;Despesas com Imposto de Renda e Contribuição;Income Tax and Contribution Expenses;;
5.4.01.01;Despesas com IRPJ e CSLL;Income Tax and Social Contribution Expenses (IRPJ and CSLL);;
5.4.01.01.00001;Despesas com IRPJ;Income Tax Expenses (IRPJ);;
5.4.01.01.00002;Despesas com CSLL;Social Contribution Expenses (CSLL);;
5.4.01.02;Despesas com IRPJ e CSLL Diferido;Deferred Income Tax and Social Contribution Expenses;;
6,00E+14;Resultado do Exercício;Net Profit;;
6.1;Resultado do Exercício;Net Profit;;
6.1.01;Resultado do Exercício;Net Profit;;
6.1.01.01;Resultado do Exercício;Net Profit;;
6.1.01.01.00001;Resultado do Exercício;Net Profit;;
